id_transaction_type,description,type,fk_fee_type,ref_source
1,"Selling Fee",debit,NULL,NULL
2,"Selling Fee Credit",credit,NULL,NULL
3,"Payment Fee",debit,2,sales_order_item
4,"Payment Fee Credit",credit,2,sales_order_item
5,"Shop Fee",debit,NULL,NULL
6,"Shop Fee Credit",credit,NULL,NULL
7,"Shipping Fee (Item Level)",debit,17,sales_order_item
8,"Shipping Fee (Item Level) Credit",credit,NULL,sales_order_item
9,"Storage Fee",debit,6,catalog_product
10,"Storage Fee Credit",credit,NULL,catalog_product
11,"Ad-Hoc Fee",debit,NULL,NULL
12,"Ad-Hoc Credit",credit,NULL,NULL
13,"Item Price Credit",credit,NULL,sales_order_item
14,"Item Price",debit,NULL,sales_order_item
15,"Commission Credit",credit,NULL,sales_order_item
16,Commission,debit,NULL,sales_order_item
17,"Monthly Subscription",debit,9,NULL
18,"Handling Fee",debit,5,sales_order
19,"Seller Credit",credit,23,NULL
20,"Other Fee",debit,22,NULL
21,"Percentage Shipping Fee",debit,NULL,sales_order_item
22,"Fulfillment by Lazada Handling Fee",debit,11,sales_order
23,"Cancellation Fee",debit,18,sales_order_item
24,"Return Delivery Fee",debit,19,sales_order_item
25,"Return Handling Fee",debit,20,sales_order_item
26,"Return to Seller Fee",debit,21,seller
27,"Dropshipping Delivery Fee",debit,13,sales_order
28,"Automatic Shipping Fee",debit,14,sales_order_item
29,"Refund Fee",debit,3,sales_order_item
33,"Lazada Shipping Service Cost",debit,NULL,sales_order_item
34,"Pick Fee",debit,15,sales_order_item
35,"Pack Fee",debit,16,sales_order_item
36,"Seller Credit Item",credit,23,sales_order_item
37,"Seller Debit Item",debit,22,sales_order_item
41,"Consignment Weight Fee",debit,25,sales_order_item
42,"Customer Item Shipping Fee",debit,NULL,sales_order_item
43,"Customer Item Shipping Fee Credit",credit,NULL,sales_order_item
44,Subsidy,debit,NULL,sales_order_item
45,"Subsidy Refund",credit,NULL,sales_order_item
46,"Dropshipping Item Delivery Fee",debit,NULL,sales_order_item
47,"Lost or Damaged (Product Level) Credit",credit,NULL,catalog_product
48,"Lost or Damaged (Order Item Level) Credit",credit,NULL,sales_order_item
49,"Shipping Fee (Order Level)",debit,NULL,sales_order
50,"Consignment Delivery Fee",debit,NULL,sales_order_item
51,"Consignment Delivery Fee Credit",credit,NULL,sales_order_item
52,"Pack Fee Credit",credit,NULL,sales_order_item
53,"Pick Fee Credit",credit,NULL,sales_order_item
54,Penalty,debit,NULL,seller
55,"Penalty Credit",credit,NULL,seller
56,"Studio Fee",debit,NULL,seller
57,"Studio Fee Credit",credit,NULL,seller
58,"Monthly Subscription Credit",credit,NULL,seller
59,"Lost or Damaged (Product Level)",debit,NULL,catalog_product
60,"Lost or Damaged (Order Item Level)",debit,NULL,sales_order_item
61,"Discount Fee",debit,NULL,sales_order_item
62,"Discount Fee Credit",credit,NULL,sales_order_item
